[
  {
    "id": "571553695209357342",
    "id_jogo": "571553695209357342",
    "motivo": "teste",
    "provas": "https://images-ext-1.discordapp.net/external/LzGAHFO8AGBI-1h8WgUULwvCqVCdRH2nKCHgJAQt1rs/https/cdn.discordapp.com/icons/1379282729618636800/a47a395d11f3a021d28cc45978053e65.webp?format=webp",
    "data": "02/06/2025, 23:25:11",
    "adicionadoid": "571553695209357342"
  },
  {
    "id": "1379281632279662713",
    "id_jogo": "1379281632279662713",
    "motivo": "e muito gay",
    "provas": "https://images-ext-1.discordapp.net/external/LzGAHFO8AGBI-1h8WgUULwvCqVCdRH2nKCHgJAQt1rs/https/cdn.discordapp.com/icons/1379282729618636800/a47a395d11f3a021d28cc45978053e65.webp?format=webp",
    "data": "03/06/2025, 02:53:21",
    "adicionadoid": "571553695209357342"
  },
  {
    "id": "1379281632279662713",
    "id_jogo": "1379281632279662713",
    "motivo": "e muito gay",
    "provas": "https://images-ext-1.discordapp.net/external/LzGAHFO8AGBI-1h8WgUULwvCqVCdRH2nKCHgJAQt1rs/https/cdn.discordapp.com/icons/1379282729618636800/a47a395d11f3a021d28cc45978053e65.webp?format=webp",
    "data": "03/06/2025, 02:53:29",
    "adicionadoid": "571553695209357342"
  }
]